nombre,identificador,tipo,proveedor,estado,comentarios
Telemat Azul acero,ZHqY-1497-1103,Telemat,Plaza Ltd,Bloqueado,Aut hic repudiandae in quas a excepturi.
Tarjeta Crédito Índigo,KURl-8601-6744,Tarjeta Combustible,Tamayo-Viana,Baja,Eligendi dignissimos vitae nostrum odit.
Telemat Salmón,YAAT-9850-4505,Tarjeta Débito,Ariza-Alfonso,Cancelado,Ratione dolorem exercitationem aliquid repudiandae quibusdam eaque.
Tarjeta Débito Blanco humo,ZCht-8617-8925,Telemat,"Castilla, Riquelme and Morillo",Bloqueado,Sapiente ex voluptatem.
Tarjeta Crédito Cyan oscuro,YeOA-8576-2648,Telepeaje,"Montaña, Tena and Gil",Baja,Maxime enim doloribus quibusdam similique.
Tarjeta Débito Azul acero,bXfW-6358-5301,Telepeaje,Abellán and Sons,Bloqueado,Ipsa neque nobis assumenda.
Telemat Chartreuse,HyWE-0485-2775,Telemat,Losada-Lago,Bloqueado,Tempora harum impedit.
Tarjeta Crédito Azul acero,qzGX-3634-4439,Telepeaje,"Cid, Almansa and Posada",Inactivo,Fugiat qui doloribus autem asperiores vitae deserunt fuga.
Tarjeta Débito Rosa brumoso,rwDD-1707-3174,Tarjeta Crédito,Olmo PLC,Activo,Cupiditate impedit consequatur doloribus hic modi.
Telemat Amarillo verde,XxNr-8989-7747,Tarjeta Crédito,Gual PLC,Inactivo,Officiis velit saepe quae consequuntur.
Tarjeta Débito Oliva,DAJE-3774-0376,Tarjeta Débito,"Castells, Alba and Plana",Cancelado,Ad sit ad sint in.
Tarjeta Crédito Oliva,euWE-1497-5341,Tarjeta Crédito,Galan-Segarra,Bloqueado,Officiis dignissimos numquam animi adipisci.
Tarjeta Crédito Azul,jpVs-9406-5658,Telemat,Solís PLC,Bloqueado,Exercitationem minima vero ex omnis.
Tarjeta Débito Orquídea medio,ORQW-3523-2660,Telepeaje,Ferrera-Montalbán,Inactivo,Similique alias iure.
Telepeaje Azul cielo profundo,fMSW-1034-9561,Tarjeta Combustible,"Briones, Lluch and Mayol",Inactivo,Magnam nihil id et aspernatur molestias placeat et.
Tarjeta Débito Cian,CBfG-7466-1447,Telepeaje,"Coca, Sánchez and Folch",Cancelado,Maiores pariatur eligendi iure nesciunt id.
Tarjeta Débito Rojo,vMLx-8290-5256,Telepeaje,Arteaga-Carbó,Activo,Minima nulla eius.
Tarjeta Débito Blanco encaje,sbur-3302-9276,Tarjeta Combustible,"Verdú, Cárdenas and Lumbreras",Inactivo,Perspiciatis numquam in totam architecto amet architecto.
Tarjeta Débito Azul lona,pnJL-8660-4747,Telepeaje,Casal-Gutierrez,Bloqueado,Ducimus quasi magnam cumque.
Tarjeta Crédito Turquesa oscuro,sgbV-4420-3594,Tarjeta Débito,Jurado Group,Activo,Totam dolorem magnam officia.
Telepeaje Oro,gnfn-1866-4774,Telepeaje,"Poza, Paz and Ibarra",Bloqueado,Asperiores perferendis ab explicabo fugiat eaque.
Tarjeta Débito Rosa brumoso,xOkS-5815-3988,Tarjeta Crédito,Ferrera-Montalbán,Bloqueado,Laborum nobis exercitationem numquam.
Tarjeta Débito Azul acero claro,xZHh-9841-2865,Telepeaje,Jurado Group,Inactivo,Itaque quidem debitis modi velit atque.
Telemat Cian clarto,Ieqy-4891-8003,Tarjeta Crédito,"Roca, Guerrero and Sánchez",Baja,Ea provident voluptatem cupiditate totam.
Tarjeta Crédito Azul oscuro,leGu-9597-3091,Tarjeta Crédito,Tamayo-Viana,Bloqueado,Iusto deserunt at assumenda.
Tarjeta Débito Rojo ladrillo,deuo-1331-5553,Tarjeta Combustible,"Palacios, Pizarro and Nadal",Activo,Deleniti repellat error.
Telepeaje Turquesa medio,NJtQ-7811-0965,Tarjeta Crédito,Acosta Inc,Cancelado,Eum illum saepe inventore quibusdam esse.
Tarjeta Débito Marrón,NMrv-1829-9126,Telemat,Pareja LLC,Cancelado,Animi esse aspernatur nulla.
Tarjeta Crédito Azul oscuro,dWSU-0616-6910,Telepeaje,Jurado Group,Cancelado,Odio cum dolorum reiciendis commodi modi impedit.
Tarjeta Crédito Verde oliva oscuro,NKXy-2217-5626,Tarjeta Combustible,Batlle and Sons,Bloqueado,Adipisci deserunt earum nemo.
Tarjeta Débito Azul lona,iWiJ-0059-3257,Telepeaje,Esteban PLC,Cancelado,Iste provident culpa adipisci vero optio totam eaque.
Telepeaje Melón dulce,jNwf-9724-3871,Telepeaje,Carreras Inc,Bloqueado,Ex tempore repellat ex voluptatum.
Tarjeta Crédito Amarillo dorado,blYl-2860-6048,Telepeaje,Blanca-Torrens,Bloqueado,Accusamus quos sed suscipit ea.
Telepeaje Rojo ladrillo,ULGv-9509-0418,Telemat,Sosa Ltd,Baja,Hic porro dignissimos atque harum occaecati.
Tarjeta Crédito Oliva,GCUy-6238-8788,Telemat,"Pina, Zamora and Guitart",Inactivo,Incidunt voluptatem voluptate numquam dolores dignissimos.
Telepeaje Azul acero,Jyar-6229-0113,Tarjeta Crédito,Paz PLC,Activo,Rerum eius quidem temporibus aspernatur neque accusamus.
Telepeaje Verde prado,UpJk-0351-4895,Tarjeta Débito,Ropero and Sons,Inactivo,Enim asperiores quae commodi itaque natus aliquid.
Tarjeta Crédito Orquídea,fVAE-3472-8395,Telepeaje,Carreras Inc,Cancelado,Odit reprehenderit ex dolore omnis.
Tarjeta Crédito Rojo carmesí,VXAZ-7084-8868,Telemat,Armengol and Sons,Inactivo,Fugit optio nihil cumque quo vel.
Telemat Violeta oscuro,njpx-2282-8018,Telemat,"Vilaplana, Sanmiguel and Torrent",Baja,Aliquam tempore maiores incidunt quas.
Tarjeta Débito Rosa caliente,uZJo-7678-0964,Telemat,Ariza-Alfonso,Cancelado,Voluptate quasi nemo rerum labore corporis doloremque.
Telemat Caqui,SNFr-1755-5928,Telepeaje,Paz PLC,Bloqueado,Provident vitae assumenda placeat provident enim minima.
Telemat Blanco,Bqvo-6751-1997,Telepeaje,Canet-Torrens,Baja,Nostrum explicabo et quisquam quod.
Telepeaje Salmón,pUaZ-4196-7896,Tarjeta Crédito,Jordán-Ferrera,Bloqueado,Natus dignissimos qui.
Telepeaje Blanco lino,EPOj-0163-0159,Tarjeta Crédito,Costa-Barba,Baja,Ullam corporis minima quis.
Telepeaje Cian,KOHX-4927-6680,Tarjeta Débito,Peiró-Bueno,Baja,Ipsa possimus veritatis rem soluta.
Telemat Amarillo dorado pálido,voCV-4033-4801,Telemat,"Verdú, Cárdenas and Lumbreras",Inactivo,Fugiat sunt id voluptates laborum.
Tarjeta Crédito Naranja oscuro,jzcN-5446-0539,Tarjeta Crédito,Esteban PLC,Bloqueado,Laborum eaque quibusdam voluptatibus odio consequuntur.
Tarjeta Débito Beige antiguo,gMSj-0536-4991,Tarjeta Combustible,Cabrera-Hervás,Inactivo,Reprehenderit expedita ipsam occaecati placeat rem facilis.
Telepeaje Amarillo verde,RFDv-2155-3830,Tarjeta Débito,Gual PLC,Cancelado,Molestias at culpa delectus ea velit.
Tarjeta Crédito Orquídea púrpura oscuro,JNXb-6784-4607,Tarjeta Crédito,Ayuso PLC,Bloqueado,Rerum aspernatur quos natus necessitatibus aut magnam.
Tarjeta Crédito Turquesa oscuro,gYtM-7551-2944,Tarjeta Combustible,"Sierra, Ayala and Guijarro",Inactivo,Excepturi perferendis inventore eius.
Telepeaje Índigo,CCBw-2838-5974,Tarjeta Combustible,Requena Group,Activo,Quod neque alias accusantium eveniet quas.
Tarjeta Débito Gris mate,vAZK-3436-8771,Tarjeta Débito,Casal-Gutierrez,Activo,Veritatis quas rerum eaque.
Tarjeta Crédito Azul acero,LDDh-7634-1535,Telemat,"Cid, Almansa and Posada",Bloqueado,Optio autem veniam.
Telemat Gris,QqSI-7734-9431,Telepeaje,Ayuso PLC,Activo,Consequatur explicabo facilis vitae excepturi ducimus dolore.
Tarjeta Débito Gris pizarra,nNQu-7416-8557,Telemat,Lladó-Tena,Bloqueado,Dolores corporis facilis fuga.
Tarjeta Débito Amarillo claro,gPAz-9579-4758,Telepeaje,Cámara Inc,Baja,Culpa tempore minus.
Tarjeta Crédito Gris mate,atbD-1362-3347,Telepeaje,Collado-Bautista,Cancelado,Dolorum rem voluptatum ipsam.
Tarjeta Débito Azul medianoche,wTuK-4797-3418,Telepeaje,Plaza Ltd,Inactivo,Voluptatum maxime dolor vel fuga quisquam.
Tarjeta Crédito Amarillo trigo,eDwN-1703-9610,Tarjeta Débito,Gutierrez PLC,Inactivo,Omnis aliquam autem.
Tarjeta Crédito Amarillo trigo,BSMl-6794-9078,Tarjeta Crédito,Real PLC,Activo,Est perspiciatis id provident autem reiciendis neque.
Telepeaje Amarillo maíz dulce,YBFp-8967-6353,Tarjeta Débito,Luís-Hoyos,Bloqueado,Sunt recusandae praesentium nisi aliquid animi.
Tarjeta Débito Azul violeta,ZwgW-2883-4133,Telepeaje,Hidalgo Ltd,Activo,Nostrum asperiores deleniti nobis tenetur.
Tarjeta Crédito Marrón caqui,uETX-2749-3663,Tarjeta Combustible,"Diaz, Arévalo and Carbonell",Cancelado,Impedit quisquam sunt veritatis eaque vitae deserunt.
Telemat Almendra blanqueado,ybGl-0735-6582,Tarjeta Débito,Ropero and Sons,Baja,Delectus voluptatibus impedit tempore iusto nihil.
Tarjeta Débito Gris mate,fZiR-1288-6691,Telemat,Catalán-Folch,Bloqueado,Vero reiciendis cumque eaque.
Tarjeta Crédito Blanco encaje,KZjv-5261-1978,Tarjeta Débito,"Verdú, Cárdenas and Lumbreras",Inactivo,Sint hic quidem et vitae occaecati earum totam.
Tarjeta Crédito Chocolate,gZXS-2554-4118,Telepeaje,Castrillo and Sons,Activo,Pariatur quisquam possimus assumenda fugit ipsum maiores.
Telemat Amarillo claro,nCUB-5203-8819,Tarjeta Débito,Peinado Group,Activo,Error aut quod eius libero aspernatur fugit.
Telemat Beige antiguo,urdg-2014-8333,Telepeaje,Gual PLC,Cancelado,Delectus cumque dignissimos harum.
Telepeaje Blanco nieve,UKaA-0876-4770,Telemat,Paz PLC,Cancelado,Ipsa voluptas dolores iure corporis nobis a.
Tarjeta Débito Rosa brumoso,sIHH-7162-1720,Tarjeta Débito,Ferrera-Montalbán,Bloqueado,Natus omnis aut harum nemo aliquid.
Telepeaje Blanco concha,tgLN-6456-4967,Telepeaje,Jordán-Ferrera,Activo,Illo eum temporibus quibusdam.
Tarjeta Crédito Amarillo dorado,tivQ-6490-9703,Tarjeta Débito,Ferrera-Montalbán,Activo,Provident nisi placeat commodi.
Tarjeta Débito Azul cadete,LzDa-5891-3682,Tarjeta Crédito,Abellán and Sons,Baja,Eius blanditiis ex doloribus nisi odit id.
Telemat Beige limón,KVWb-5260-2216,Telepeaje,Castrillo and Sons,Cancelado,Provident iste recusandae maiores consequuntur sapiente nobis.
Telemat Blanco nieve,aAxC-5838-4391,Tarjeta Crédito,Cámara Inc,Baja,Suscipit eveniet assumenda est ullam.
Telepeaje Púrpura,dZWf-9351-0214,Tarjeta Débito,"Iglesias, Castro and Corral",Activo,Tenetur doloribus assumenda ex.
Tarjeta Débito Verde primavera,DgFF-9799-0359,Telemat,Costa-Barba,Baja,Sequi praesentium deleniti exercitationem.
Tarjeta Débito Verde oliva oscuro,avfz-7094-1246,Telepeaje,Losada-Lago,Baja,Molestiae doloremque odio nam eum.
Tarjeta Débito Cyan oscuro,DDQB-7684-1876,Telemat,"Castells, Alba and Plana",Inactivo,Ab eius est velit.
Tarjeta Débito Turquesa oscuro,qLYA-3173-0332,Tarjeta Débito,Arnaiz Group,Inactivo,Ex quidem libero voluptatem voluptatum excepturi quod.
Tarjeta Débito Marrón,hIfw-8480-9473,Tarjeta Crédito,Sosa Ltd,Cancelado,Accusantium exercitationem enim laborum iste quod.
Tarjeta Débito Orquídea,EKEz-9476-1110,Tarjeta Combustible,Losada-Lago,Activo,Sunt facere perferendis expedita exercitationem.
Telepeaje Beige papaya,sGvr-8972-2693,Telepeaje,Tirado LLC,Activo,Quidem neque non.
Tarjeta Crédito Gris gainsboro (Estaño),UMlP-6856-0669,Telemat,Bou-Carranza,Baja,Architecto maxime ut quos labore numquam.
Telemat Salmón oscuro,KKAj-7779-5703,Telemat,"Roca, Guerrero and Sánchez",Cancelado,Dolore iusto delectus quia quis ipsam.
Telepeaje Azul claro,AllQ-0735-1289,Tarjeta Crédito,Luís-Hoyos,Cancelado,Illum vitae officiis.
Telepeaje Blanco encaje,nNLo-4323-3302,Tarjeta Crédito,Luís-Hoyos,Cancelado,Eius ad illo provident adipisci.
Tarjeta Crédito Púrpura,mvCI-9430-6952,Telepeaje,Tapia PLC,Bloqueado,Eum consequuntur esse consequatur exercitationem laboriosam.
Tarjeta Crédito Azul Alicia,IEXv-0644-8854,Telepeaje,Ferrera-Montalbán,Baja,Autem vitae occaecati quisquam maxime.
Tarjeta Débito Almendra blanqueado,upCA-4255-4280,Telemat,Machado-Hervás,Activo,Voluptas facilis reiciendis laboriosam similique.
Telepeaje Rosa caliente,oULi-8878-6020,Tarjeta Débito,Cabrera-Hervás,Activo,Commodi suscipit totam alias.
Tarjeta Débito Azul marino,QiIZ-9586-6399,Telemat,Cámara Inc,Cancelado,Natus quod cum suscipit libero repudiandae praesentium.
Telemat Gris,EQKz-2495-6291,Tarjeta Débito,Pareja LLC,Cancelado,Error incidunt doloremque quis molestiae.
Tarjeta Débito Verde oscuro,HFtv-0700-5102,Telepeaje,Casal-Gutierrez,Baja,Corrupti accusantium perspiciatis quas.
Telemat Agua marina medio,rHFN-1754-5416,Telemat,Arnaiz Group,Cancelado,Omnis possimus animi suscipit.
Telemat Rojo oscuro,zRRK-6275-0152,Tarjeta Crédito,Santamaria Ltd,Bloqueado,Ducimus cupiditate amet sint id laboriosam tenetur.
Tarjeta Débito Naranja,FjpS-4833-0958,Telemat,Contreras-Martorell,Baja,Dolor modi officia incidunt recusandae sint excepturi.
