nombre,tipo,direccion,ciudad,provincia,pais,codigoPostal,paginaWeb,email,telefono,razonSocial,nif,comentarios
Ortiz LLC,Taller,Cañada de Ascensión Nadal 30,Ávila,Zamora,Francia,95718,https://saez-llanos.com/,wsantamaria@pinilla.es,+34743 588 816,Inc,91065483Z,Laudantium odio quibusdam veniam.
Andrade Ltd,Taller,Cuesta Perla Lluch 74 Apt. 34 ,Alicante,Soria,España,94006,https://www.ayala-carro.net/,malena12@rincon.com,+34 706 256 091,Inc,73966630F,Eius molestiae porro blanditiis iste beatae libero.
Figuerola and Sons,Taller,Urbanización de Nereida Cid 2,Ceuta,Segovia,Mexico,32909,https://www.piquer.es/,adolfo35@pelaez.com,+34735825827,Inc,01210393Y,Omnis quibusdam hic quisquam.
Garay Inc,Renting,Plaza Aura Baena 72 Puerta 1 ,Las Palmas,Alicante,Italia,70732,https://carrion.es/,alberto12@muro.com,+34749059937,and Sons,94851115N,Distinctio esse velit accusamus nisi eaque.
"Coll, Ruano and Nogués",Tarjeta Combustible,Pasaje de Gala Haro 733 Puerta 3 ,Pontevedra,Vizcaya,Marruecos,46090,https://www.moliner-mendez.es/,luis-miguel73@jimenez.com,+34944 719 282,Ltd,66592109O,Laboriosam animi earum explicabo esse explicabo cumque.
"Tamayo, Padilla and Rozas",Renting,Pasaje de Marcelo Lasa 25,Girona,Vizcaya,Italia,95256,https://www.sarmiento.com/,ana-belenoliva@nogues.org,+34 743618492,Group,40459102F,Delectus quibusdam libero illum.
Fábregas PLC,Renting,Pasadizo Rosendo Franco 35 Piso 9 ,Valencia,Álava,España,99536,https://www.aroca-lobato.es/,klago@pazos.org,+34727 418 398,Group,57435386V,Eius maxime ea id dolores corrupti.
Gargallo Inc,Renting,Camino de Ágata Oliver 17 Puerta 6 ,Málaga,Cádiz,Mexico,66330,http://castro-barros.com/,marianobarbero@cantero.org,+34738 044 624,LLC,79816315E,Ullam recusandae ipsa at exercitationem.
Manzano PLC,Tarjeta Combustible,Alameda Teodoro Cervantes 85,Córdoba,Málaga,España,05444,https://jaen.org/,benito23@borja.org,+34709 070 426,and Sons,54371814Y,Quisquam necessitatibus ab eius.
Martorell PLC,Renting,Avenida Osvaldo Barros 3 Apt. 34 ,Burgos,Málaga,Francia,02775,https://www.lucas-sarabia.es/,dario73@noriega-lledo.com,+34 727776489,Inc,25196975P,Sunt accusamus ullam at provident esse.
Gibert PLC,Tarjeta Combustible,Cañada de Leandro Pellicer 76 Piso 0 ,Cantabria,Málaga,Alemania,45148,http://tomas.es/,consuelorosello@robles.com,+34 706 91 85 18,LLC,07263683K,Non voluptatem ex id quia quasi.
"Blanca, Azcona and Flor",Taller,Pasaje de Maricruz Vázquez 85 Puerta 7 ,Asturias,Albacete,Francia,76743,http://roig.es/,pilar42@rincon.es,+34990 91 46 57,LLC,12178010B,Id sequi perferendis alias adipisci ipsum eveniet.
Franco and Sons,Tarjeta Combustible,Via Che Ribera 18,Valencia,Ourense,Italia,53260,http://torres-morales.com/,lazaro83@carreno.com,+34638683881,PLC,52825438I,Eum praesentium fuga quis sequi ipsum nobis.
Bustos-Corral,Tarjeta Combustible,C. de Sancho Sanjuan 3,Madrid,Sevilla,Italia,02156,https://chaparro.es/,asolis@menendez.org,+34871 38 17 24,LLC,23163686W,Odit ullam cum quia magni.
Santamaria PLC,Renting,Plaza de Segismundo Pozo 2 Puerta 5 ,Teruel,Huesca,Italia,45387,https://montenegro-cortina.net/,vidalanita@collado-ballesteros.com,+34703 77 16 71,LLC,50061971Y,Recusandae ipsam harum eaque.
"Borrás, Palomo and Piña",Renting,Ronda de Lucas Fabra 9,Valladolid,La Coruña,Mexico,09793,http://www.ros.org/,arceliafiol@roldan-escriva.es,+34748714517,PLC,20902868F,Quas animi non error quam id reprehenderit.
"Pujol, Martínez and Guillén",Renting,Ronda de Juanito Rodríguez 572,Cádiz,Ourense,España,20639,http://www.heredia.com/,mendozaaurora@cid.es,+34675441030,Ltd,78266034P,Rem pariatur eum nobis.
Luque Inc,Renting,Alameda de Luna Castrillo 708 Puerta 0 ,Lugo,Murcia,Francia,71410,http://cervera.com/,salomcalisto@nino-galindo.net,+34723 378 799,Inc,68026521A,Ducimus praesentium voluptatem ullam sint.
Jover-Ávila,Taller,Pasaje de Bonifacio Romeu 6,Segovia,Cuenca,Italia,07130,http://juan.com/,albinovalles@carbo.com,+34 714 469 108,LLC,41482707G,Libero dignissimos doloribus aperiam repellat.
Puig-Blazquez,Tarjeta Combustible,Alameda Azeneth Serna 74,Álava,Guipúzcoa,Marruecos,95093,http://requena.com/,zmanso@villanueva.es,+34716 65 33 33,PLC,17943970D,A animi voluptatibus fugit fugiat accusamus.
"Gabaldón, Salazar and Escolano",Renting,Avenida de Belen Gallardo 56,Salamanca,Ciudad,Francia,06672,https://moreno-garriga.es/,eufemiagonzalez@hidalgo-villa.com,+34 741 483 389,PLC,97740151U,Molestiae est ea dolore voluptates.
Pizarro Ltd,Renting,Urbanización Montserrat Tormo 56,Huesca,Barcelona,España,34409,http://www.cerezo.com/,roman09@ayuso.es,+34615040259,Ltd,68578343C,Ipsam rem illo qui.
Figueroa-Vélez,Taller,Camino Adán Cañellas 8,La Coruña,Zamora,España,45235,http://www.marquez-hervas.org/,galloheliodoro@burgos.net,+34 703 65 05 17,LLC,04664557V,Nemo temporibus facere similique quos illum.
Hernández and Sons,Tarjeta Combustible,Camino Loreto Garrido 44 Puerta 3 ,Melilla,Pontevedra,Italia,86938,http://www.herranz.es/,manjonnoe@tomas.net,+34 744 58 39 94,PLC,73486238K,Nisi ab velit atque iusto aut.
Carretero PLC,Taller,Camino de Duilio Cerdá 9,Burgos,Barcelona,Marruecos,98455,https://roman-anguita.org/,pugaprimitiva@hernandez.es,+34612792085,Inc,77514227C,Similique architecto sunt voluptatum.
Jerez LLC,Taller,Calle Mario Rozas 39,Santa Cruz de Tenerife,Cantabria,Italia,37452,http://www.puig.com/,eduardosolis@company.net,+34 747667153,and Sons,62178110B,Sed quaerat unde iure totam incidunt tempore.
Baena-Cerdá,Tarjeta Combustible,Cuesta Violeta Tapia 417,Guipúzcoa,Zaragoza,EEUU,19091,https://canals.es/,vcisneros@garcia.es,+34 705015343,Group,64404683J,Ex ex voluptate placeat perferendis.
Sala PLC,Tarjeta Combustible,C. de Delfina Barrio 4,Santa Cruz de Tenerife,Córdoba,Francia,62222,http://www.aguila.net/,ugibert@vidal.com,+34709 640 462,and Sons,40638561X,Inventore fugiat doloribus.
Gonzalo Ltd,Renting,Alameda de Fanny Ropero 476,Cuenca,Palencia,Francia,83863,https://www.pou.es/,yessicarico@cazorla-quintana.org,+34 716 944 131,PLC,62983193G,Id nobis dolore ratione laborum ipsum amet.
"Torrens, Gracia and Galiano",Renting,Plaza Anabel Espada 69 Puerta 8 ,Guadalajara,Lleida,Marruecos,66668,http://figueroa-calderon.net/,noeliaherranz@atienza.com,+34705 773 341,PLC,19018791O,Ipsa dolores debitis quos.
Cases Inc,Tarjeta Combustible,Cañada Bartolomé Carvajal 12,Burgos,Asturias,Marruecos,20862,https://www.cervantes-vilaplana.org/,zcases@uria.es,+34 811 996 121,PLC,17798012W,Asperiores impedit consequatur adipisci minima.
"Conesa, Acero and Caballero",Taller,Glorieta de María Teresa Pallarès 79 Apt. 96 ,Granada,Guipúzcoa,EEUU,56452,https://abella-rozas.org/,jiglesias@palomares.com,+34 944 77 19 60,PLC,40926896W,Maiores et quae maiores.
Benítez PLC,Tarjeta Combustible,Avenida de María Fernanda Julián 1,Girona,Almería,Alemania,85319,https://www.llado-giron.com/,rosaurapacheco@pombo-trujillo.org,+34 733 80 74 17,Ltd,34794553J,Beatae sint omnis harum excepturi voluptate.
"Quintero, Guillen and Bejarano",Taller,Acceso Rufina Río 85,Guipúzcoa,Badajoz,Italia,14637,https://bauza.es/,barriotiburcio@navarrete-esparza.es,+34641 857 308,and Sons,80316915I,Distinctio rem quam ipsam nihil officia accusamus veritatis.
Coello PLC,Tarjeta Combustible,Calle Che Lozano 63,Álava,Valladolid,Marruecos,57831,http://www.roldan-blasco.org/,cerezoanita@escamilla-andres.net,+34712 388 402,LLC,66635316K,Alias placeat sit totam amet dolorum voluptates aperiam.
Aragón Ltd,Taller,Urbanización Bernabé Huguet 77 Puerta 6 ,Albacete,Sevilla,Italia,77909,http://www.escriva-galan.com/,paulinocordoba@antunez-barrio.com,+34 729 494 124,PLC,62941720R,Enim asperiores ipsa dolore unde.
Azorin Group,Tarjeta Combustible,Cañada Gabriel Viña 93,Sevilla,Valladolid,Italia,51322,http://canizares.es/,marisela21@ramos.net,+34819 36 51 97,Group,72239707P,Laudantium minus saepe veritatis eius magni.
Ruano-Gras,Tarjeta Combustible,Callejón Estela Sotelo 94,Navarra,Asturias,Mexico,78884,https://www.esparza-roca.es/,abello@leon-ferrera.com,+34614 43 04 62,LLC,17997660Z,Esse vero occaecati amet deserunt.
"Parejo, Sevilla and Zamorano",Renting,Avenida de Francisca Ayllón 736,Cantabria,Cuenca,España,38206,https://morillo.es/,xiomaracolom@oliver.com,+34706652029,and Sons,05393916B,Doloremque eveniet similique tempora.
Casado-Anaya,Taller,Callejón Valentín Lledó 91 Piso 6 ,Álava,Alicante,Alemania,92846,http://www.marti-tena.com/,ftalavera@rodriguez-vicente.com,+34685966959,PLC,30406079S,Magni quibusdam consequatur ipsa veniam at minus.
Benito and Sons,Renting,Rambla Felipa Galán 9,Málaga,Vizcaya,Mexico,92407,http://ayala.com/,graciaarenas@novoa.org,+34723310825,and Sons,21202486A,Dignissimos repellendus tenetur pariatur similique laboriosam possimus.
Rosa-Valera,Renting,Cuesta de Isidro Benítez 235,Burgos,Alicante,España,00771,https://mulet.net/,dario71@mateos-arteaga.es,+34728 095 290,PLC,68749467R,Maxime atque doloremque voluptatibus architecto voluptas ut.
Amo Ltd,Taller,Alameda Silvio Guillén 530 Apt. 26 ,Las Palmas,Córdoba,Alemania,09724,http://tudela.com/,cardonaciriaco@mateo.com,+34924 242 831,LLC,03869083P,Est a soluta quasi.
"Riquelme, Bayón and Maldonado",Tarjeta Combustible,Via Víctor Palacio 73,Jaén,Zaragoza,Italia,67692,http://www.rodriguez.es/,enrique41@vazquez-medina.com,+34 939883532,LLC,96434878Q,Accusamus nemo nihil reiciendis.
Sola-Cañizares,Taller,Pasadizo de Osvaldo Vázquez 57,Málaga,Tarragona,Mexico,82209,http://www.carrion-baro.es/,asuncionlorenzo@padilla-arjona.com,+34 744 653 201,Inc,79160544C,Repellat atque accusamus neque totam magni porro.
Núñez-Canales,Tarjeta Combustible,Camino de José Luis Carrera 22 Apt. 03 ,Ourense,Madrid,EEUU,17218,https://andres-olivera.org/,maximianogallart@abascal.com,+34827112817,LLC,76608265G,Quisquam minus quam dolore molestias et.
Guitart LLC,Tarjeta Combustible,Cuesta de Ángel Gordillo 66,Pontevedra,Palencia,Marruecos,69758,http://guardia-conesa.es/,cferrer@pedrero.es,+34 827 566 203,Group,82438534F,Placeat laudantium repellendus.
Cózar-Carreras,Renting,Plaza Alejandra Costa 59,Barcelona,Ciudad,Francia,20041,https://duque.es/,espinosatoribio@bas-soriano.es,+34643632657,and Sons,27617830Q,Soluta unde dolor a nemo voluptatum cum.
Manzano Inc,Tarjeta Combustible,Cañada de Maximiliano Montalbán 1,Álava,Guipúzcoa,Mexico,37306,http://galiano-camacho.com/,javi91@martinez-arino.com,+34 989 66 21 62,Inc,13365061Z,Dolores sapiente adipisci ea magni a odit.
"Paz, Cantón and Landa",Renting,Cuesta de Teresita Terrón 6,Huelva,Guipúzcoa,Mexico,72574,http://www.saez.com/,ucal@villalonga-lobo.org,+34 710 06 78 85,PLC,60846960J,Architecto eius beatae perspiciatis sint quasi.
Salinas-Ruiz,Renting,Glorieta de Renato Mariño 7,Barcelona,Badajoz,Mexico,25072,https://www.bertran.com/,paguilo@guerra.org,+34746 910 930,and Sons,45792615M,Qui corrupti qui iure quidem.
Macias Inc,Renting,Urbanización Martirio Barrera 9,Huesca,Álava,Marruecos,51083,http://acevedo.com/,sorianoambrosio@asenjo.com,+34 708 944 794,and Sons,98041082L,Voluptatem aut veniam occaecati.
"Cantero, Cortés and Franch",Renting,Camino Marisela Busquets 36 Piso 0 ,Soria,Córdoba,España,64345,http://herranz-marin.org/,afolch@escamilla.com,+34 912 219 605,Group,30258442Z,Voluptatum totam iste nobis nostrum corrupti officiis.
"Becerra, Montalbán and Carrión",Renting,Paseo Benito Blanes 49,Palencia,Cádiz,EEUU,94683,http://gallart.com/,cayetana23@higueras-padilla.com,+34 739 02 99 89,Ltd,17050075X,Laboriosam nobis distinctio impedit architecto at repudiandae.
"Egea, Caparrós and Rodriguez",Taller,Avenida de Emilio Cadenas 34,León,Zaragoza,Italia,43153,https://pinedo.com/,callejamarino@sandoval.com,+34 731581716,Inc,96987315U,Excepturi voluptate voluptatibus vitae doloribus voluptate.
"Julián, Barrios and Barberá",Taller,Pasaje de Florentina Lumbreras 62,Toledo,Girona,Marruecos,17129,https://robledo.es/,corralcrescencia@plaza.com,+34730645259,PLC,89731360W,Quam et accusantium rerum voluptate modi qui.
"Garmendia, Quevedo and Gómez",Renting,Pasaje de Angélica Gual 70 Puerta 7 ,Segovia,Santa Cruz de Tenerife,España,32829,http://vera-saez.com/,pedreronorberto@pelaez.es,+34635 770 588,and Sons,23243347A,Sint harum debitis vel.
Alfaro-Aguilar,Tarjeta Combustible,Acceso Nélida Meléndez 38 Apt. 36 ,Málaga,Ourense,Alemania,67371,http://www.reguera.es/,claudiomolina@noriega.net,+34831 187 463,Inc,96643140Q,Magni recusandae provident voluptas dolor quas omnis.
"Carbó, Noguera and Borja",Renting,Paseo Aitana Elorza 26,La Rioja,Pontevedra,EEUU,81647,https://www.tovar.com/,marcelino89@albero-briones.org,+34 734 39 26 91,Ltd,17817752I,Neque cumque illum facilis quia occaecati delectus.
Carretero Ltd,Renting,Urbanización Eligio Oller 4 Puerta 0 ,Cáceres,Álava,Alemania,28248,http://larranaga-olivera.com/,ale56@aguilo.com,+34716357370,Ltd,04720260E,Eum delectus soluta voluptatem illo molestiae amet quo.
"Caparrós, Linares and Almansa",Tarjeta Combustible,Callejón de Rosaura Figueroa 3,Asturias,Huelva,Francia,35136,http://perez.es/,yboada@torrents-llano.com,+34746 24 06 90,PLC,67575941U,Rem deleniti deleniti tempore recusandae minus possimus.
"Pinilla, Bravo and Cantero",Renting,Acceso de Paloma Urrutia 84 Piso 5 ,Teruel,Huesca,EEUU,52978,http://tomas-linares.net/,chamorrofabiola@calderon.com,+34 738 26 15 74,and Sons,02074712U,Aut porro cum.
Pino-Luna,Tarjeta Combustible,Rambla Bernarda Cortés 70 Piso 4 ,Girona,Guadalajara,Alemania,06439,http://parra.es/,dimas78@lago.org,+34 706005587,Ltd,07804850M,Dolorum eum voluptatibus odit laborum ea facilis.
Moll-Carranza,Taller,Alameda de Ernesto Mas 25,Cuenca,Santa Cruz de Tenerife,España,80381,https://arellano.es/,aguilalidia@morillo.org,+34 706 71 47 61,Group,57754719H,Nemo deserunt totam cupiditate saepe esse.
Rodríguez-Montesinos,Taller,Acceso de Silvestre Sanmiguel 88,Madrid,Badajoz,EEUU,02095,http://arnau-ropero.org/,estela31@solis.es,+34736 839 816,LLC,69440001Y,Impedit necessitatibus animi laboriosam.
Bueno Inc,Tarjeta Combustible,Callejón Sarita Álvaro 63,Badajoz,Guipúzcoa,Alemania,40514,https://www.godoy.com/,chema76@recio.com,+34 718 87 98 91,Ltd,36866842T,Illum ad magnam eos deleniti.
"Ródenas, Ayllón and Alberto",Taller,Plaza de Ángel Elorza 918 Apt. 39 ,Castellón,Soria,Francia,35943,http://bernat-peinado.es/,nacho69@egea-saenz.es,+34710 378 781,Group,59604838D,Eius voluptates quia occaecati ipsa inventore.
"Meléndez, Prado and Comas",Tarjeta Combustible,Via de Mar Arnal 210,Málaga,Ávila,Alemania,77158,https://aznar.es/,iglesiajose-miguel@villanueva-ballesteros.org,+34735 313 041,and Sons,22685603H,Commodi quod incidunt minima distinctio quas.
"Tenorio, Machado and Aroca",Tarjeta Combustible,C. de Natalio Clemente 16 Piso 1 ,Santa Cruz de Tenerife,Jaén,EEUU,85695,http://www.galindo.org/,gervasio76@cueto.org,+34701880463,LLC,27543309Y,Harum eveniet molestias doloremque amet labore repellat.
Feijoo-Valbuena,Renting,Callejón de Ariel Anaya 445 Puerta 4 ,Ceuta,Alicante,EEUU,31020,https://tomas.es/,barrancosantiago@lamas.es,+34 984 493 125,LLC,68544968O,Perferendis voluptatibus deserunt sunt dicta.
"Sanabria, Salvador and Marqués",Renting,Rambla de Dimas Infante 40 Apt. 76 ,Lleida,Guadalajara,Francia,85162,https://www.toledo.es/,uarnau@alvarado.es,+34 748 56 92 89,PLC,21728119K,Nam necessitatibus ad voluptatibus.
"Maza, Quintana and Ibáñez",Taller,Cañada Viviana Vives 25 Apt. 38 ,La Rioja,Sevilla,España,35605,http://www.cobos-segui.net/,narranz@menendez.es,+34 737594256,LLC,83980990L,Sint aliquam maiores voluptas.
"Enríquez, Azcona and Valentín",Taller,Ronda de Cecilio Bou 52,Soria,Huesca,Italia,72173,http://cisneros-quesada.com/,mendezismael@cerezo.com,+34710 12 17 00,Inc,72508407J,Voluptate eligendi aperiam id qui.
Barral Inc,Renting,Glorieta de Wálter Baquero 43,Valladolid,Cuenca,Francia,82247,http://www.rosado.net/,maximino91@batalla.com,+34704503059,Ltd,67123125O,Quas debitis temporibus accusamus repellat ipsa quaerat.
Rodrigo PLC,Tarjeta Combustible,Avenida Roldán Pedrosa 3,Vizcaya,Teruel,Marruecos,97355,http://www.parejo.com/,criadofelicidad@rivas-vigil.es,+34657123275,Ltd,87004363P,Illum quam blanditiis doloribus quam aliquid autem.
Esteve Ltd,Taller,Cañada Jose Maza 7,Cuenca,Granada,EEUU,56540,https://olivares-landa.es/,gustavocruz@ortiz.net,+34 687 978 424,and Sons,54694152X,Laudantium a hic nesciunt laborum perferendis.
"Carbó, Carbó and Andrés",Taller,Ronda Leire Boix 14,Pontevedra,Salamanca,Mexico,26995,https://www.cornejo-carrasco.es/,ayalaquirino@paez.net,+34831 34 00 84,PLC,96209692B,Consequatur facere ea modi.
Moliner Ltd,Renting,Ronda de Florencia Alberola 6,Melilla,Málaga,Italia,68561,https://agudo.es/,eloyros@sedano.org,+34 903 025 964,PLC,03051725U,Tenetur molestiae voluptatem enim sed.
Salvador Group,Renting,Pasadizo de Manuel Alvarado 7 Apt. 58 ,Cantabria,Zaragoza,Francia,69520,http://www.ferrera-banos.org/,almeidacarlota@muniz.com,+34739 31 63 38,LLC,71311487D,Vitae placeat nobis hic magnam magni beatae.
Bárcena-Riera,Taller,Via de Salomón Manso 64 Apt. 98 ,Jaén,León,Alemania,41327,http://www.canizares-tovar.net/,losadaitziar@franco.es,+34702 90 39 00,Group,03647384S,Dolorem id aliquid porro dolorum.
Garcia Group,Taller,Vial Martin Parejo 102,Salamanca,Cádiz,EEUU,15704,http://barbero.net/,miguela55@mas-carmona.com,+34 644 587 371,Group,48906402Q,Assumenda dicta molestiae eveniet.
Manjón-Olmo,Renting,Avenida Adelia Diego 2,Jaén,Cádiz,Alemania,64057,https://guardia-mendoza.org/,gayamelchor@corbacho-prieto.org,+34749280374,LLC,87278557K,Nesciunt esse fugiat itaque accusantium placeat perspiciatis.
"Núñez, Palmer and Mendoza",Tarjeta Combustible,Cañada de Ema Checa 28,Ciudad,La Coruña,Alemania,55326,http://jove.org/,almagroroman@espanol.es,+34 733 704 039,PLC,22729243A,Error voluptate atque nisi placeat vel.
Salinas Inc,Tarjeta Combustible,Urbanización de Marisol Garmendia 395,Huesca,Teruel,Alemania,85128,https://roldan.com/,lucho41@guillen-hoyos.com,+34712 24 72 73,PLC,70708689G,Culpa est ut magnam.
Gutierrez PLC,Tarjeta Combustible,Via de Nicanor Morata 3,Cádiz,Lugo,España,64876,http://escobar.com/,hcepeda@villalba-marti.com,+34722 020 750,Group,08128722G,A voluptatibus commodi at quasi accusamus fugiat.
Aroca PLC,Taller,Acceso de Diego Nogueira 13 Apt. 39 ,Valladolid,Almería,Marruecos,56502,http://www.madrid.org/,aitana39@alcalde.org,+34 747395569,and Sons,30831562Z,Deleniti tempore veniam.
Piñeiro Group,Taller,Cuesta Nereida Bernat 12 Puerta 0 ,Ciudad,Guadalajara,Alemania,00894,http://goni.com/,marc55@ferrera.es,+34 715286883,Inc,22111655E,Blanditiis non nemo.
Vilalta and Sons,Taller,Calle Lucio Lopez 82,Barcelona,Burgos,EEUU,91030,http://arenas.es/,aitor07@montesinos.net,+34 748 41 21 42,LLC,37579913I,Possimus accusamus ullam quasi esse quis distinctio.
"Artigas, Avilés and Codina",Tarjeta Combustible,C. de Martín Arias 267,Cuenca,Córdoba,Mexico,66679,https://agustin.net/,ballesteremiliana@luna.org,+34746 54 66 37,Group,63334102B,At laboriosam iste deleniti exercitationem officia beatae cumque.
Amador Inc,Taller,Camino Marco Tirado 21,La Rioja,Pontevedra,Alemania,60615,https://www.nogues-carrillo.com/,rierasantiago@domenech.com,+34 704903555,Inc,57272137R,Voluptatibus repudiandae vitae velit animi assumenda.
"Acero, Amaya and Jerez",Taller,Via de Carolina Royo 27 Puerta 1 ,Palencia,Almería,España,67094,http://www.angel.es/,basiliomanrique@tudela.com,+34721958785,PLC,09179977K,Error minima accusantium eos voluptatem sunt.
Royo-Valbuena,Renting,Ronda Eliseo Trillo 49 Piso 8 ,Guipúzcoa,Soria,Marruecos,34457,https://www.carbajo.com/,oleon@nadal-escobar.com,+34630054863,Group,22432191P,Vero unde quis quibusdam accusamus.
Pujadas and Sons,Tarjeta Combustible,Rambla de Tadeo Méndez 86 Piso 1 ,Jaén,Lugo,Italia,84593,http://ruiz-rivero.com/,llanosnicolasa@bonet.es,+34 733421600,Inc,77123929D,Alias debitis asperiores.
Carpio-Ribes,Tarjeta Combustible,Pasaje Anita Juárez 90 Puerta 4 ,Palencia,Santa Cruz de Tenerife,Marruecos,35452,https://aguila.com/,ivaquero@abella-muniz.com,+34959 84 60 88,LLC,79031969B,Impedit tempora accusamus ipsam sed sed sint.
"Cazorla, Gimeno and Mayoral",Taller,Avenida de Reinaldo Prat 96,Murcia,Córdoba,Mexico,15028,https://www.guardiola-alcaraz.org/,fadan@marco.es,+34715 897 398,LLC,26001195T,Nemo libero dolor doloremque.
"Rey, Flores and Rivas",Taller,Acceso Daniel Vendrell 6,Vizcaya,Lugo,Francia,68321,http://www.flor-bayo.net/,baezselena@heras.es,+34 703380444,Inc,20313512V,Molestiae eveniet pariatur dolorum doloremque.
Roldan-Botella,Taller,Plaza Manu Lillo 7 Piso 4 ,Álava,Pontevedra,Marruecos,21895,http://www.mascaro.com/,dcheca@martinez.net,+34617228093,Inc,44791764S,Reiciendis incidunt accusamus numquam necessitatibus molestias.
Piñol PLC,Renting,Alameda Florina Cordero 79 Apt. 05 ,Jaén,Zamora,Italia,12985,https://pont.es/,begona13@miralles.es,+34 730 601 642,Inc,58272340L,Ipsum accusantium cupiditate qui.
Escolano Ltd,Renting,Ronda Hernán Cámara 36,Madrid,Palencia,Alemania,38634,https://aguilera.es/,tvicente@julian-saez.es,+34657 554 567,Ltd,71731669H,Animi libero exercitationem suscipit.
"Alberdi, Echeverría and Frutos",Tarjeta Combustible,Camino Moisés Cordero 5 Apt. 32 ,Tarragona,Asturias,Francia,53706,http://matas.es/,cervantescarmina@izquierdo-zaragoza.com,+34603 574 011,Group,45152094I,Reiciendis explicabo placeat dolor tempore ab.
